command,mean,stddev,median,user,system,min,max,parameter_script
pwsh -NoProfile -File CompleteBaseline.ps1,0.578861588,0.02016708048079676,0.573012156,0.48312500000000014,0.22281250000000008,0.558577956,0.658530656,CompleteBaseline.ps1
pwsh -NoProfile -File CompletePoshGit.ps1,0.742612188,0.010534507739239645,0.740188056,0.5681250000000001,0.33531250000000007,0.721468756,0.768980156,CompletePoshGit.ps1
pwsh -NoProfile -File CompleteTabComplete.ps1,0.653221568,0.013706875225482045,0.650189056,0.504375,0.31531250000000005,0.638247056,0.690446556,CompleteTabComplete.ps1
