command,mean,stddev,median,user,system,min,max,parameter_script
pwsh -NoProfile -File CompleteBaseline.ps1,0.599095534,0.014614302742281848,0.597292118,0.5128125000000003,0.25218749999999995,0.579989218,0.6432084180000001,CompleteBaseline.ps1
pwsh -NoProfile -File CompletePoshGit.ps1,0.7782726860000001,0.013803958853100793,0.7789464180000001,0.5871875000000003,0.35406249999999984,0.7487508180000001,0.807118718,CompletePoshGit.ps1
pwsh -NoProfile -File CompleteTabComplete.ps1,0.680681842,0.011266265996004771,0.6780245180000001,0.5359375000000003,0.30218749999999983,0.662887318,0.706370118,CompleteTabComplete.ps1
