command,mean,stddev,median,user,system,min,max,parameter_script
pwsh -NoProfile -File CompleteBaseline.ps1,0.578324236,0.0004913685022464914,0.578324236,0.49906249999999996,0.2628125,0.5779767860000001,0.5786716860000001,CompleteBaseline.ps1
pwsh -NoProfile -File CompletePoshGit.ps1,0.751797636,0.003726947711599909,0.751797636,0.5459375,0.3096875,0.7491622860000001,0.7544329860000001,CompletePoshGit.ps1
pwsh -NoProfile -File CompleteTabComplete.ps1,0.648920036,0.005432630689178082,0.648920036,0.46,0.3253125,0.6450785860000001,0.6527614860000001,CompleteTabComplete.ps1
