command,mean,stddev,median,user,system,min,max,parameter_script
pwsh -NoProfile -File CompleteBaseline.ps1,0.6900148260000001,0.008420318817746747,0.6874797260000001,0.5321875000000001,0.2984374999999999,0.6739536260000001,0.7048706260000001,CompleteBaseline.ps1
pwsh -NoProfile -File CompletePoshGit.ps1,0.890203458,0.009553911676538579,0.8898055260000001,0.6309375000000002,0.42218750000000016,0.8789044260000001,0.9104212260000001,CompletePoshGit.ps1
pwsh -NoProfile -File CompleteTabComplete.ps1,0.7960704459999998,0.01273942484782312,0.794464226,0.5715625000000002,0.3653125000000001,0.775401026,0.831807426,CompleteTabComplete.ps1
