command,mean,stddev,median,user,system,min,max,parameter_script
pwsh -NoProfile -File CompleteBaseline.ps1,0.5864856539999999,0.011857743631975972,0.585791974,0.5171875000000001,0.23874999999999993,0.566508074,0.610616774,CompleteBaseline.ps1
pwsh -NoProfile -File CompletePoshGit.ps1,0.75403683,0.014831747786254549,0.755468774,0.5859375000000001,0.34124999999999994,0.722609974,0.7799949740000001,CompletePoshGit.ps1
pwsh -NoProfile -File CompleteTabComplete.ps1,0.665408958,0.009782499076824215,0.664968474,0.5403125000000002,0.28624999999999995,0.649417774,0.687640574,CompleteTabComplete.ps1
