command,mean,stddev,median,user,system,min,max,parameter_profile
pwsh -NoProfile -File ./../profiles/ProfileBaseline.ps1,0.288807556,0.0170866187411163,0.28436780800000006,0.24593749999999992,0.14531249999999993,0.27163020800000004,0.348872508,./../profiles/ProfileBaseline.ps1
pwsh -NoProfile -File ./../profiles/ProfilePoshGit.ps1,0.6288821040000001,0.01063601007714986,0.628765608,0.5153124999999998,0.24968749999999992,0.6109313080000001,0.6493954080000001,./../profiles/ProfilePoshGit.ps1
pwsh -NoProfile -File ./../profiles/ProfileTabComplete.ps1,0.35598284,0.006903884330440366,0.356257808,0.2946874999999999,0.18031249999999993,0.344541908,0.367975808,./../profiles/ProfileTabComplete.ps1
