command,mean,stddev,median,user,system,min,max,parameter_profile
pwsh -NoProfile -File ./../profiles/ProfileBaseline.ps1,0.24005006800000006,0.007075444921951307,0.23919744400000004,0.22562499999999994,0.11531249999999994,0.23333154400000003,0.263233644,./../profiles/ProfileBaseline.ps1
pwsh -NoProfile -File ./../profiles/ProfilePoshGit.ps1,0.541887768,0.01603543684794399,0.537784844,0.46312500000000006,0.22843749999999993,0.525011544,0.583594544,./../profiles/ProfilePoshGit.ps1
pwsh -NoProfile -File ./../profiles/ProfileTabComplete.ps1,0.30665632400000004,0.009434539027380544,0.303304144,0.2799999999999998,0.14406249999999993,0.296919044,0.326295844,./../profiles/ProfileTabComplete.ps1
