command,mean,stddev,median,user,system,min,max,parameter_profile
pwsh -NoProfile -File ./../profiles/ProfileBaseline.ps1,0.23717351600000003,0.005547363058375874,0.236693084,0.233125,0.1221875,0.229120684,0.251609684,./../profiles/ProfileBaseline.ps1
pwsh -NoProfile -File ./../profiles/ProfilePoshGit.ps1,0.527875396,0.01215887851333063,0.525359684,0.471875,0.21156249999999993,0.5158258840000001,0.5639655840000001,./../profiles/ProfilePoshGit.ps1
pwsh -NoProfile -File ./../profiles/ProfileTabComplete.ps1,0.30273611999999994,0.008636841701874202,0.303008384,0.281875,0.1428125,0.289186584,0.320835284,./../profiles/ProfileTabComplete.ps1
