command,mean,stddev,median,user,system,min,max,parameter_profile
pwsh -NoProfile -File ./../profiles/ProfileBaseline.ps1,0.24850042599999994,0.008459204455158105,0.24801494600000001,0.22750000000000004,0.12218749999999995,0.236649346,0.26790514600000004,./../profiles/ProfileBaseline.ps1
pwsh -NoProfile -File ./../profiles/ProfilePoshGit.ps1,0.5508906660000001,0.010318211167033763,0.5494484460000001,0.46562499999999996,0.23718749999999994,0.534734746,0.5760398460000001,./../profiles/ProfilePoshGit.ps1
pwsh -NoProfile -File ./../profiles/ProfileTabComplete.ps1,0.317806158,0.01165450247101666,0.316286346,0.2812500000000001,0.15968749999999993,0.30148494600000003,0.339724746,./../profiles/ProfileTabComplete.ps1
